{
  "computed_at": "2026-06-05T03:15:17+00:00",
  "computed_at_epoch": 1780629317.7144213,
  "stats": {
    "basic materials": {
      "risk_factor_count": {
        "mean": 47.81818181818182,
        "n": 22,
        "std": 40.51176944053991
      }
    },
    "communication services": {
      "risk_factor_count": {
        "mean": 57.44,
        "n": 25,
        "std": 61.36711931754116
      }
    },
    "consumer cyclical": {
      "risk_factor_count": {
        "mean": 53.134328358208954,
        "n": 67,
        "std": 53.46788770682774
      }
    },
    "consumer defensive": {
      "risk_factor_count": {
        "mean": 46.628571428571426,
        "n": 35,
        "std": 31.351034990219752
      }
    },
    "energy": {
      "risk_factor_count": {
        "mean": 37.18181818181818,
        "n": 22,
        "std": 42.05737165851559
      }
    },
    "financial services": {
      "risk_factor_count": {
        "mean": 74.95652173913044,
        "n": 69,
        "std": 54.83435880331641
      }
    },
    "healthcare": {
      "risk_factor_count": {
        "mean": 66.65217391304348,
        "n": 69,
        "std": 53.54954442793979
      }
    },
    "industrials": {
      "risk_factor_count": {
        "mean": 40.6986301369863,
        "n": 73,
        "std": 35.17720416039138
      }
    },
    "real estate": {
      "risk_factor_count": {
        "mean": 64.84375,
        "n": 32,
        "std": 60.327658758568795
      }
    },
    "technology": {
      "risk_factor_count": {
        "mean": 81.34042553191489,
        "n": 94,
        "std": 64.09327094525709
      }
    },
    "utilities": {
      "risk_factor_count": {
        "mean": 58.61290322580645,
        "n": 31,
        "std": 40.59448026464915
      }
    }
  }
}