{
  "computed_at": "2026-06-01T00:38:59+00:00",
  "computed_at_epoch": 1780274339.353842,
  "stats": {
    "technology": {
      "cash_conversion": {
        "mean": 1.0966510738218702,
        "n": 3,
        "std": 0.28871097065749685
      },
      "debt_ebitda": {
        "mean": 0.4289830996321394,
        "n": 3,
        "std": 0.31362251405250446
      },
      "fcf_yield": {
        "mean": 0.014060915675727955,
        "n": 3,
        "std": 0.006996307313705336
      },
      "gross_margin": {
        "mean": 0.63438665,
        "n": 3,
        "std": 0.13801778102899462
      },
      "net_debt_ebitda": {
        "mean": 0.03778790220752793,
        "n": 3,
        "std": 0.25585147308122624
      },
      "operating_margin": {
        "mean": 0.4806566666666667,
        "n": 3,
        "std": 0.16728481411453144
      },
      "roic": {
        "mean": 0.9659099633333333,
        "n": 3,
        "std": 0.5587163128795355
      }
    }
  }
}